#{"t_start": 1656160890.1628401, "env_id": "uav-v3"}
r,l,t
-833.823331,600,14.047704
-741.345019,600,27.676543
-633.04414,600,41.190096
-181.690317,600,65.918672
-776.041923,600,78.252196
-687.847977,600,101.596911
-949.114827,600,127.962725
-446.160621,600,140.934055
-680.714393,600,153.82897
-185.88366,600,166.775581
-278.779236,600,205.009377
-103.949931,600,218.775164
-176.519752,600,232.579144
-183.324454,600,261.360251
-108.308231,600,274.123859
-213.688984,600,298.676948
-67.668579,600,311.430712
-121.763664,600,337.423666
-77.40769,600,350.26568
-105.219877,600,363.057481
-98.025863,600,400.702541
-71.522888,600,413.4542
-53.69384,600,426.328331
-203.284886,600,452.589996
-57.966737,600,465.484576
-75.402326,600,478.389527
-42.385254,600,502.754358
-33.507358,600,529.159267
-91.152789,600,541.941761
-33.022487,600,554.74708
-43.22556,600,581.097406
-31.527242,600,605.405322
-24.464096,600,618.353524
-3.395169,600,631.150305
-103.743641,600,656.809376
-30.889246,600,669.585296
-6.957136,600,693.896588
-25.600646,600,721.669802
-122.412302,600,735.302317
-20.189553,600,748.798092
-34.112021,600,776.349151
-43.846886,600,800.767948
-9.917789,600,813.725926
-11.346332,600,826.679591
-13.241462,600,853.116171
-68.625074,600,866.076983
-7.945525,600,890.404511
-5.401903,600,917.998809
-8.30818,600,931.739128
-31.332382,600,945.476477
-3.974716,600,959.277077
-12.01732,600,986.626664
-8.768732,600,1010.929685
-17.016223,600,1023.858653
-10.094697,600,1052.123176
-13.658444,600,1065.867345
-11.56886,600,1079.384706
-17.123095,600,1105.741767
-3.393902,600,1132.685955
-3.10418,600,1145.84181
-20.932059,600,1158.656532
-30.041659,600,1185.125323
-14.385483,600,1209.046116
-5.598502,600,1221.778563
-4.898779,600,1247.701904
8.11356,600,1260.57227
-4.979292,600,1273.444572
-37.272395,600,1297.502198
-58.715338,600,1325.771383
5.978076,600,1339.391237
6.457088,600,1352.928941
6.495528,600,1380.608745
-256.7477,600,1405.016064
4.813951,600,1418.242088
-12.153926,600,1431.18473
-90.688325,600,1456.761985
2.029919,600,1469.452697
-7.397075,600,1482.293324
-8.762488,600,1519.831294
-107.703491,600,1532.754536
-96.851893,600,1545.497062
4.827662,600,1573.443585
10.932759,600,1586.374593
-4.474251,600,1610.722761
10.624654,600,1623.635324
-3.38562,600,1650.709071
0.09066,600,1663.687401
2.313516,600,1676.62409
-154.566971,600,1714.349337
6.301496,600,1727.338843
1.727668,600,1740.326494
-382.56022,600,1753.323131
14.624991,600,1779.543517
-104.696547,600,1804.231814
-24.821434,600,1817.984665
3.402388,600,1845.214753
10.408443,600,1857.982156
6.935436,600,1871.068682
10.339146,600,1909.43042
-0.474946,600,1923.376882
-130.859775,600,1936.996312
0.234772,600,1950.506646
1.843322,600,1978.064137
1.488774,600,1990.858259
-20.512299,600,2014.64748
-18.697622,600,2040.541137
6.37617,600,2053.391535
6.621608,600,2066.257681
8.757957,600,2079.157791
-3.735237,600,2117.325787
6.674546,600,2130.843021
11.997007,600,2144.363732
-110.06304,600,2172.315885
-26.023007,600,2185.20911
4.176638,600,2209.491879
6.942033,600,2222.20903
-1.451697,600,2247.626422
8.290202,600,2260.411491
-2.179982,600,2273.296576
7.078145,600,2310.835855
9.072396,600,2323.568024
-1.927435,600,2336.305046
4.249045,600,2361.946782
3.539698,600,2374.763901
8.852778,600,2387.664682
4.245891,600,2412.735079
3.356917,600,2439.643161
2.575765,600,2452.531044
6.072346,600,2465.373469
7.302519,600,2491.880545
3.166471,600,2516.887892
6.462008,600,2530.624845
-4.04878,600,2544.345936
13.547897,600,2571.441116
13.728125,600,2584.336548
7.258877,600,2608.518834
11.809651,600,2634.352776
-5.348559,600,2647.307776
19.267907,600,2660.486691
6.583874,600,2686.14051
5.735015,600,2710.674119
-2.061672,600,2723.442906
-63.72752,600,2736.211726
3.693902,600,2762.143855
6.21193,600,2775.055832
6.518882,600,2799.194277
7.832966,600,2825.278265
-483.554479,600,2838.239669
8.797265,600,2851.060902
-36.553524,600,2863.67002
11.377545,600,2886.317235
-55.925608,600,2908.422104
7.204956,600,2921.074703
8.323647,600,2946.616771
8.873314,600,2959.192934
8.930782,600,2971.775837
4.37097,600,2995.077271
7.110901,600,3020.690103
-18.038322,600,3033.465139
4.508163,600,3046.243634
10.600307,600,3071.214876
7.137848,600,3094.789344
6.182876,600,3108.392816
10.682071,600,3134.642994
4.700736,600,3147.44539
4.07921,600,3160.327777
12.077473,600,3184.245646
5.554744,600,3209.90106
6.987355,600,3222.723246
11.163375,600,3235.465321
9.911778,600,3260.925185
11.273109,600,3284.753182
12.925862,600,3297.462441
6.371343,600,3310.165959
1.252965,600,3335.942626
8.442989,600,3348.58039
12.140776,600,3361.326391
-11.849535,600,3398.317845
12.632586,600,3411.043642
6.811717,600,3423.871166
4.790602,600,3448.581534
4.275352,600,3461.333441
-3.345232,600,3485.028723
10.972846,600,3497.692212
13.641237,600,3524.505942
6.781144,600,3537.992141
7.954725,600,3551.450472
6.119361,600,3589.791763
11.517568,600,3602.5138
-10.221124,600,3615.267986
8.91292,600,3627.967766
8.125059,600,3652.994345
-135.604414,600,3676.412406
2.67807,600,3689.095139
12.755803,600,3714.214893
15.066912,600,3726.966672
-21.189586,600,3739.69118
11.748865,600,3775.840479
7.398468,600,3788.566717
6.214681,600,3801.244395
-4.535984,600,3813.871276
2.037428,600,3839.090565
-10.031862,600,3851.790191
19.739845,600,3879.830658
2.588113,600,3906.96445
9.957482,600,3919.669357
20.407889,600,3932.416591
-1.338343,600,3945.162044
5.761293,600,3983.909577
9.823334,600,3996.592938
6.447889,600,4009.292422
10.080205,600,4033.964477
13.166326,600,4046.670391
7.963715,600,4070.269174
8.112765,600,4083.001595
10.126896,600,4107.987308
4.180213,600,4120.612591
7.267779,600,4133.158811
8.543149,600,4167.347955
11.476276,600,4179.699166
12.221014,600,4192.017306
10.346824,600,4217.225553
9.345463,600,4230.213582
6.997416,600,4254.212231
6.143767,600,4267.217316
6.506587,600,4293.135535
6.820003,600,4305.381667
9.297858,600,4317.630802
11.596187,600,4341.123146
9.294758,600,4364.140214
-2.679897,600,4376.397403
20.058258,600,4388.642038
2.750379,600,4412.147629
-17.714343,600,4424.35994
-87.705813,600,4446.774246
11.314544,600,4470.161784
-13.699309,600,4482.470422
18.466585,600,4494.755389
5.752104,600,4517.845321
7.306694,600,4540.281191
12.210927,600,4552.523499
3.248586,600,4564.787359
8.275275,600,4588.321883
8.687892,600,4600.571652
-110.692343,600,4622.863574
8.850098,600,4646.317267
10.664568,600,4658.572307
13.401914,600,4670.853687
-1.500798,600,4683.147181
6.680995,600,4706.597769
4.790055,600,4728.953753
11.018135,600,4741.188688
11.774316,600,4764.644949
-118.442721,600,4776.891606
9.001471,600,4789.155215
1.837784,600,4811.533446
11.077225,600,4834.911117
3.587928,600,4847.198478
13.485863,600,4859.471225
11.353444,600,4882.993901
6.404065,600,4905.598476
-58.061558,600,4918.056575
4.464184,600,4941.582191
12.291123,600,4953.987038
5.857756,600,4966.374032
9.357434,600,4989.381145
8.170526,600,5013.938507
-4.089383,600,5026.48857
9.499999,600,5039.175711
2.675595,600,5063.424384
12.807995,600,5086.472641
-16.642838,600,5099.171697
9.50979,600,5111.56025
3.562028,600,5135.667463
1.001563,600,5148.156385
-24.848269,600,5160.757898
12.222044,600,5196.29868
7.217885,600,5208.880721
23.121559,600,5221.485504
15.898345,600,5246.23865
10.246003,600,5258.826415
11.157742,600,5282.132199
12.097947,600,5294.61732
12.367807,600,5319.028939
4.704598,600,5331.599363
-61.686177,600,5344.133561
14.648715,600,5379.680761
1.737607,600,5392.268547
-19.369737,600,5404.858818
3.62729,600,5417.469517
-38.004787,600,5442.300982
-20.720592,600,5465.851556
-152.610601,600,5478.411278
12.202435,600,5503.367069
7.809526,600,5515.916517
6.886471,600,5528.48852
12.405596,600,5563.907605
10.074199,600,5576.496751
14.594773,600,5589.103873
10.886615,600,5601.706254
-15.498294,600,5626.579396
-7.030043,600,5639.167792
6.585039,600,5662.280035
11.478168,600,5686.343173
-71.230563,600,5698.710178
5.682121,600,5711.290331
-13.042691,600,5723.889917
-9.089826,600,5760.792335
-1.280066,600,5773.323902
10.043634,600,5785.926455
10.495173,600,5810.771865
17.103037,600,5823.324453
9.29561,600,5846.677229
8.399158,600,5859.236944
8.766213,600,5885.198823
-2.920452,600,5898.510567
10.042887,600,5911.879836
-54.028665,600,5950.489517
9.515742,600,5963.063255
-1.268007,600,5975.685834
-18.528794,600,6000.180188
10.162293,600,6012.76063
8.534319,600,6036.199416
9.291569,600,6048.77958
16.392964,600,6073.639058
7.181197,600,6086.19734
1.639465,600,6098.764153
6.299731,600,6123.715685
8.508552,600,6147.157208
-6.087524,600,6159.784725
12.9704,600,6172.361778
7.251813,600,6197.656272
12.56582,600,6210.243687
-52.253767,600,6232.986531
9.229939,600,6257.573519
4.624329,600,6270.830201
8.360795,600,6284.044781
7.330275,600,6312.098805
4.720012,600,6335.307744
12.681594,600,6347.883415
10.813736,600,6360.50826
-36.457064,600,6386.698658
10.537412,600,6399.992418
10.568938,600,6425.209331
11.944859,600,6451.739828
-258.046914,600,6464.260095
-16.354536,600,6476.753296
12.14332,600,6489.265153
23.617935,600,6524.838177
11.293815,600,6538.224775
12.63434,600,6551.527912
5.473801,600,6577.051044
10.015249,600,6589.643301
-10.520765,600,6602.290647
11.875174,600,6640.324707
15.962661,600,6652.932679
15.143238,600,6665.535026
13.882759,600,6678.139332
9.916709,600,6702.846214
10.474164,600,6726.244406
5.95553,600,6738.785993
5.370199,600,6763.498367
9.803823,600,6775.794419
13.910165,600,6788.125894
16.18269,600,6810.659505
13.106082,600,6835.058662
11.162952,600,6847.497035
14.492461,600,6859.896428
7.966632,600,6885.506259
8.220907,600,6908.95526
8.514527,600,6922.275427
7.101737,600,6935.537408
11.642417,600,6960.730674
9.134277,600,6973.294258
6.56956,600,6985.809741
13.570637,600,7023.203598
8.940382,600,7036.53867
16.139,600,7049.836713
12.39772,600,7075.709549
7.791435,600,7088.278646
9.863885,600,7112.283608
19.253319,600,7125.631064
19.273613,600,7150.844574
11.773218,600,7163.444408
17.995224,600,7176.009979
14.594087,600,7212.628195
24.043451,600,7225.218501
0.758504,600,7237.782169
11.098054,600,7250.420583
5.869378,600,7276.86621
8.847072,600,7300.39162
12.009835,600,7312.925274
10.940032,600,7336.8152
-15.708682,600,7349.132188
12.879032,600,7361.527708
9.221076,600,7397.072269
6.264912,600,7409.634721
8.823154,600,7422.205913
10.265166,600,7434.737762
16.183884,600,7460.715793
9.772649,600,7474.088508
2.52818,600,7499.166189
10.207942,600,7526.829913
-2.75412,600,7539.424819
11.236782,600,7551.980325
-4.240723,600,7564.584732
10.317811,600,7600.205884
9.395785,600,7612.783735
12.041127,600,7625.30243
5.186223,600,7652.275028
12.074468,600,7665.194385
8.221539,600,7688.86127
-80.011364,600,7701.752298
-21.210102,600,7728.003554
10.803213,600,7740.582757
-51.898512,600,7753.108911
10.646912,600,7791.255821
9.690723,600,7803.871395
7.687953,600,7816.41166
12.427108,600,7840.955963
13.812576,600,7853.185033
7.843307,600,7875.555874
6.180094,600,7887.899331
18.71846,600,7911.724477
9.434901,600,7924.183017
-0.176471,600,7936.600396
11.432734,600,7963.719651
-100.497832,600,7988.160959
12.068642,600,8001.200132
8.493251,600,8014.251206
6.751541,600,8039.614559
1.239126,600,8052.207308
10.935237,600,8075.569127
9.287055,600,8100.806446
-7.431981,600,8113.379367
6.811846,600,8125.896277
14.16831,600,8150.923808
-3.588849,600,8176.001157
9.024359,600,8189.355219
10.001284,600,8202.674815
10.62629,600,8228.480463
17.600113,600,8241.067435
9.740887,600,8265.283906
16.680536,600,8290.412822
3.309818,600,8303.012249
8.321897,600,8315.619596
-14.535402,600,8328.195124
7.379441,600,8363.95742
9.701368,600,8376.517753
20.501853,600,8389.085073
18.585888,600,8417.02469
2.84472,600,8430.401094
-1.257996,600,8443.750723
6.622184,600,8480.503361
12.992121,600,8493.864974
8.792822,600,8507.271625
15.4149,600,8520.646921
8.177214,600,8546.805369
8.515234,600,8569.741141
9.843924,600,8582.059065
17.204562,600,8605.469563
8.115359,600,8617.766989
11.317677,600,8630.065895
7.869003,600,8652.167135
11.624466,600,8675.264258
12.766589,600,8687.775597
10.363654,600,8700.273835
11.201464,600,8724.872727
-33.33737,600,8747.995605
-1.242207,600,8760.540537
11.665589,600,8773.035473
10.613095,600,8797.559498
4.826836,600,8810.112935
11.076126,600,8833.312986
2.00957,600,8859.000696
14.024032,600,8872.324236
11.444772,600,8885.582378
11.183722,600,8911.673873
3.099246,600,8924.320825
9.257414,600,8948.340766
14.429222,600,8961.657526
10.730266,600,8987.789456
8.839208,600,9000.410888
10.444065,600,9013.042588
11.191972,600,9050.573117
-22.391844,600,9063.180638
9.533401,600,9075.736728
15.407108,600,9088.253441
14.897461,600,9112.893986
-16.416614,600,9136.319622
15.66174,600,9148.890644
9.384958,600,9175.17988
9.550671,600,9187.773436
12.305225,600,9200.380521
17.87237,600,9236.149342
-2.405283,600,9248.77031
-17.172795,600,9261.30042
9.806733,600,9273.868142
10.53512,600,9298.471674
12.494013,600,9311.085458
12.064606,600,9334.184422
11.289085,600,9357.831299
-14.537317,600,9370.208419
12.054101,600,9382.761525
9.779926,600,9395.291814
-20.932604,600,9432.047987
13.757084,600,9444.657511
16.724371,600,9457.269875
5.4701,600,9482.238044
4.041013,600,9494.878233
15.177133,600,9518.879521
-166.732995,600,9532.190222
10.252802,600,9558.969626
14.665727,600,9571.279571
17.5691,600,9583.419137
8.096741,600,9616.366972
11.03081,600,9628.679822
15.124713,600,9640.993493
13.311064,600,9664.597679
12.891186,600,9677.131135
12.156895,600,9700.144685
13.362961,600,9712.628522
12.062596,600,9736.811228
8.775905,600,9749.362649
6.711626,600,9761.819652
9.02518,600,9786.169916
9.868133,600,9810.184823
13.415327,600,9823.515078
-0.285199,600,9836.814342
7.280734,600,9864.53391
13.315584,600,9877.078642
9.245949,600,9900.540485
8.72725,600,9927.6772
18.724913,600,9940.24383
9.78234,600,9952.789023
10.045368,600,9977.106508
-1.358978,600,10000.492743
-25.578426,600,10013.033926
9.572174,600,10025.444326
12.434471,600,10050.192982
10.991642,600,10063.227148
14.87323,600,10088.350981
14.622075,600,10113.768993
17.343537,600,10126.39196
12.487789,600,10138.977528
20.137527,600,10151.538365
10.458196,600,10187.2106
1.89925,600,10199.78788
11.489921,600,10212.352032
16.718069,600,10237.173635
7.096973,600,10249.728897
13.892574,600,10262.323511
5.101736,600,10300.165712
11.749826,600,10313.526139
17.373132,600,10326.890988
11.247842,600,10340.240908
14.92531,600,10366.567481
6.582184,600,10390.495938
9.867129,600,10403.85979
9.576139,600,10430.571326
4.845593,600,10443.172652
10.063494,600,10455.774513
10.591686,600,10479.06258
-8.52421,600,10503.799913
15.18094,600,10516.385339
6.342942,600,10528.94188
12.715273,600,10555.1378
0.875969,600,10578.451531
-4.851131,600,10591.745639
9.171857,600,10605.136456
6.302331,600,10631.278048
9.260513,600,10643.906684
14.271023,600,10667.345501
20.493973,600,10692.732036
12.873782,600,10705.320086
12.317322,600,10717.822298
14.236855,600,10745.12353
7.643694,600,10758.233726
5.749021,600,10783.336663
9.154647,600,10796.705088
10.095411,600,10824.034421
11.767142,600,10836.630673
17.280035,600,10849.246015
21.072439,600,10886.288797
11.303638,600,10898.903476
13.870316,600,10911.601304
-48.67804,600,10924.202389
7.62304,600,10948.609704
8.736477,600,10971.934845
18.838871,600,10984.503067
11.669063,600,11009.306627
11.029782,600,11021.908956
16.38218,600,11034.487254
9.839347,600,11070.088171
16.724669,600,11082.585159
6.954874,600,11094.81748
11.252664,600,11107.118382
8.49186,600,11130.470505
14.727614,600,11153.072136
30.420535,600,11165.347957
7.935923,600,11189.091083
8.845472,600,11201.561323
13.793888,600,11214.044777
13.560649,600,11226.535503
8.886926,600,11263.557944
-11.041181,600,11276.831527
-3.801957,600,11290.123699
25.86544,600,11318.164089
9.51753,600,11330.683964
11.890864,600,11353.973482
10.665513,600,11378.684638
9.665026,600,11391.176857
-18.755989,600,11403.682859
5.080376,600,11415.950333
13.792712,600,11449.855911
16.012947,600,11463.051503
16.940431,600,11476.263436
16.574121,600,11501.816684
-18.169384,600,11514.305833
-59.606773,600,11537.498299
12.007065,600,11550.042196
3.274275,600,11574.195453
17.291116,600,11586.513845
10.00144,600,11598.836657
-127.685722,600,11623.052385
19.919208,600,11646.457735
12.030211,600,11659.024828
12.664132,600,11671.509357
9.404765,600,11696.312243
8.771608,600,11709.391836
-14.728135,600,11736.527555
11.26887,600,11763.950993
12.581002,600,11777.262922
16.778103,600,11790.596632
13.355157,600,11816.520154
11.117554,600,11840.329632
13.212932,600,11852.933882
12.656879,600,11865.490029
11.805454,600,11892.77455
13.188317,600,11905.395617
14.923818,600,11928.77483
12.89299,600,11953.628138
13.823128,600,11966.200107
0.937213,600,11978.748163
16.776603,600,11991.350434
9.884393,600,12026.836044
9.960753,600,12039.94843
19.084042,600,12053.103836
26.997714,600,12078.658958
5.28241,600,12091.024186
11.452864,600,12103.370409
13.71453,600,12138.627771
10.867685,600,12151.121982
11.027239,600,12163.623011
14.045215,600,12176.44698
8.423489,600,12206.386146
17.13658,600,12229.745482
10.016093,600,12242.853838
13.546913,600,12269.023618
-34.464788,600,12281.577466
12.647855,600,12294.137266
5.569331,600,12317.873512
16.251736,600,12343.015916
8.395047,600,12355.365006
13.266502,600,12367.689518
9.707861,600,12392.364838
13.624325,600,12415.74607
8.762838,600,12428.252553
8.271433,600,12440.814135
11.57402,600,12465.211019
13.499909,600,12477.80323
13.846145,600,12501.202693
22.407857,600,12526.48356
8.749374,600,12539.86456
18.227776,600,12553.098666
15.103752,600,12579.155608
6.717975,600,12591.567126
9.389384,600,12614.650256
9.879551,600,12627.063084
19.791684,600,12651.173762
-30.295355,600,12663.643977
15.944717,600,12676.089458
8.182541,600,12710.922525
9.693849,600,12723.399566
5.896634,600,12736.015239
16.112452,600,12748.339251
13.264193,600,12772.175593
13.431773,600,12795.528014
22.856003,600,12807.809917
-207.585927,600,12830.173905
12.440449,600,12842.328531
20.598612,600,12854.513015
12.005457,600,12891.952571
15.731643,600,12904.408465
-17.308365,600,12916.917604
4.221084,600,12929.477411
10.591285,600,12955.477242
9.171158,600,12979.617408
9.036721,600,12992.873526
6.160299,600,13020.863243
8.066223,600,13033.372301
12.384188,600,13045.79647
11.959627,600,13058.125426
13.006627,600,13092.017525
18.359524,600,13104.567737
10.817547,600,13117.165639
8.264806,600,13141.866503
14.168001,600,13154.463514
14.06159,600,13177.920412
12.431642,600,13203.142196
12.934656,600,13216.486215
16.978483,600,13229.838682
10.101407,600,13243.192084
14.271104,600,13282.086334
-406.138309,600,13295.410048
15.662544,600,13308.756274
9.295312,600,13337.924553
2.324222,600,13351.256614
11.345336,600,13376.166031
9.941955,600,13389.612913
9.627025,600,13416.360462
22.576106,600,13428.861518
1.648698,600,13441.587952
8.218816,600,13476.033135
14.622249,600,13488.538338
12.459708,600,13501.034495
23.779657,600,13513.493842
11.359907,600,13540.482097
11.162335,600,13553.780082
-441.351249,600,13578.871064
0.355994,600,13604.549579
9.670736,600,13616.91352
16.733889,600,13629.239609
14.448037,600,13653.693988
7.863509,600,13677.067669
10.107608,600,13689.606213
12.533402,600,13702.168589
-75.636344,600,13726.33401
12.543367,600,13738.643518
25.77599,600,13761.581195
18.631605,600,13786.120484
-11.8302,600,13798.679241
12.007224,600,13811.218699
11.477689,600,13823.756689
10.917633,600,13859.34597
18.060537,600,13871.893869
-11.974834,600,13884.534163
8.501714,600,13909.437336
9.632606,600,13922.021798
10.406261,600,13934.562273
10.061812,600,13969.709502
13.861146,600,13982.250816
13.418525,600,13994.806565
23.341975,600,14007.365571
9.203379,600,14032.168278
17.557588,600,14055.563877
20.188332,600,14067.98036
12.112701,600,14094.397391
5.859082,600,14106.807446
11.16049,600,14119.194602
13.332993,600,14143.161019
-21.57063,600,14170.771734
9.770819,600,14183.265273
12.973605,600,14195.759099
11.016915,600,14221.991726
2.404737,600,14246.935167
12.56866,600,14260.243221
12.333037,600,14273.57905
8.266354,600,14299.498192
14.22127,600,14311.821844
4.748236,600,14334.528602
12.581011,600,14359.144181
8.492863,600,14371.71706
17.724323,600,14384.262951
6.061468,600,14408.43908
16.911102,600,14420.763944
16.838529,600,14443.248367
11.017139,600,14455.818151
17.559655,600,14483.953457
7.917378,600,14496.553884
11.414599,600,14509.160031
10.751954,600,14547.002806
20.351358,600,14559.565171
9.855368,600,14572.149986
17.333395,600,14584.714037
23.212517,600,14609.352563
5.553138,600,14632.735451
11.104468,600,14645.320638
12.932313,600,14671.627698
-2.907502,600,14684.954998
19.941645,600,14698.3061
10.470174,600,14736.95068
9.324358,600,14750.282163
16.186047,600,14763.660332
12.159446,600,14777.025851
15.152259,600,14805.929872
14.149663,600,14830.48065
13.91379,600,14843.557424
12.632562,600,14870.871524
14.457314,600,14883.302578
15.364324,600,14895.671313
8.2423,600,14908.094
10.668551,600,14944.442433
9.879475,600,14957.743299
12.470337,600,14971.04726
13.091538,600,14996.559795
11.062563,600,15009.107238
12.035658,600,15031.730079
9.865149,600,15055.116698
26.201528,600,15067.647759
15.084339,600,15080.185776
7.328478,600,15092.718868
11.2459,600,15128.787607
22.267542,600,15141.85124
18.426674,600,15154.962405
9.034252,600,15180.532746
6.090294,600,15193.075506
13.35464,600,15216.428143
12.612946,600,15228.981735
8.34043,600,15253.732485
8.922264,600,15266.21961
15.356995,600,15278.77931
13.727958,600,15314.517777
6.697241,600,15327.858159
14.035643,600,15341.201025
17.146884,600,15354.553796
12.303004,600,15383.694147
11.770343,600,15397.061043
-3.7705,600,15422.070718
16.346997,600,15449.040531
11.046197,600,15461.61715
16.996434,600,15474.203877
10.267646,600,15499.313682
12.400478,600,15521.908852
-7.415907,600,15534.283155
0.518049,600,15546.986313
9.648175,600,15572.687188
0.147923,600,15585.743064
13.440538,600,15609.424534
13.623684,600,15636.998361
10.874632,600,15649.505274
15.14437,600,15662.832736
18.395955,600,15676.055043
-24.148955,600,15713.61567
-4.092036,600,15725.967628
9.972853,600,15738.278336
13.122922,600,15762.623483
6.881844,600,15775.16169
8.467612,600,15798.520208
12.547123,600,15822.787493
10.400929,600,15835.18487
9.294723,600,15847.505145
13.11593,600,15859.771058
-9.304365,600,15886.849185
13.211145,600,15912.049669
11.524062,600,15925.377451
21.443526,600,15951.426374
2.649825,600,15964.018085
17.535027,600,15976.629304
17.022778,600,16000.567608
-12.748198,600,16026.905264
15.092596,600,16039.44336
11.469311,600,16052.003982
13.012566,600,16077.499421
15.769097,600,16100.984471
1.859795,600,16113.596633
7.598658,600,16141.414475
13.316959,600,16154.043733
14.613088,600,16166.575693
-27.345067,600,16190.196737
13.964524,600,16216.324107
28.240184,600,16228.886456
18.496017,600,16241.343378
11.493258,600,16267.149592
12.772682,600,16280.44398
13.089539,600,16304.191393
13.34906,600,16316.623112
16.505404,600,16340.923689
13.02658,600,16353.410364
16.099835,600,16365.943488
13.649806,600,16403.042978
13.385308,600,16415.622476
10.075772,600,16427.997049
0.723202,600,16440.325812
2.737888,600,16464.210717
18.345542,600,16487.253335
13.190647,600,16499.743683
18.940266,600,16524.440158
13.706293,600,16536.824964
6.365427,600,16549.139121
13.811687,600,16583.899482
12.386869,600,16597.247665
12.238356,600,16610.590931
11.644561,600,16623.933141
14.509286,600,16653.434769
11.237214,600,16676.941612
16.556964,600,16689.52625
11.90128,600,16714.318793
12.5585,600,16726.929449
-72.931821,600,16739.535894
11.860881,600,16752.135163
13.934123,600,16787.673372
16.792592,600,16800.292049
18.489137,600,16812.874238
13.800567,600,16837.460479
14.216803,600,16850.041534
-23.018508,600,16873.391761
11.747354,600,16898.131594
10.583357,600,16910.645271
11.312683,600,16923.118228
3.849393,600,16935.858389
11.592886,600,16970.385469
12.31736,600,16983.084505
15.87943,600,16995.596933
18.755007,600,17021.386423
10.545674,600,17033.818789
13.892418,600,17056.98816
11.364536,600,17069.515958
12.507978,600,17093.85883
16.271969,600,17106.411395
20.330288,600,17118.957719
-453.351752,600,17153.723065
13.76161,600,17166.073319
14.698815,600,17178.396487
13.646198,600,17190.883572
11.858179,600,17216.279207
2.655799,600,17229.620622
13.708396,600,17253.771812
20.72921,600,17278.132565
13.81128,600,17290.431996
7.172751,600,17302.821255
12.439992,600,17328.404938
16.333703,600,17351.814365
14.376664,600,17364.390971
13.895545,600,17376.926347
16.979374,600,17401.812233
13.704845,600,17414.292627
14.73018,600,17437.646449
13.128651,600,17465.282038
16.707067,600,17478.617781
-769.188272,600,17491.978568
13.936793,600,17505.264813
12.369916,600,17541.515233
12.292974,600,17554.111345
18.510816,600,17566.703476
18.713378,600,17590.061051
11.519721,600,17602.301678
10.943572,600,17623.845565
14.680643,600,17648.31809
15.11844,600,17660.686511
11.390547,600,17673.006589
13.836449,600,17685.630419
14.682951,600,17709.759556
18.5699,600,17732.569582
10.509846,600,17745.069537
7.829597,600,17770.57536
13.436832,600,17783.077687
12.332801,600,17795.522098
19.530971,600,17818.569616
-24.966941,600,17842.852201
12.398152,600,17855.163816
12.888763,600,17867.499389
11.888019,600,17891.477627
6.307388,600,17914.667126
13.983176,600,17927.204864
21.063963,600,17951.857432
11.479332,600,17964.233141
13.021286,600,17976.648758
10.329959,600,17999.3322
11.751599,600,18023.870832
14.849753,600,18036.438914
11.920219,600,18048.983222
15.558063,600,18073.646917
15.845631,600,18096.985631
8.768251,600,18109.551383
9.277573,600,18122.110004
-4.936725,600,18146.607403
5.756347,600,18159.13833
5.432066,600,18171.68473
3.775646,600,18207.145939
-193.429555,600,18219.687081
15.411568,600,18232.23813
-96.175511,600,18244.785032
3.848489,600,18269.294688
-127.490026,600,18292.805478
14.279665,600,18305.442081
13.581337,600,18329.862108
6.15372,600,18342.613251
17.549495,600,18355.002775
13.222841,600,18390.383658
16.527205,600,18402.872061
9.760421,600,18415.250467
14.750388,600,18427.599582
9.802663,600,18452.032179
11.344359,600,18475.278971
7.027839,600,18488.566336
-180.284132,600,18515.76264
13.292398,600,18529.079439
15.93135,600,18542.370904
12.525338,600,18555.439226
14.633087,600,18590.009695
8.801589,600,18602.52231
10.655611,600,18615.10843
9.475483,600,18639.680587
10.069541,600,18652.244055
5.276745,600,18674.926311
8.447359,600,18698.685488
18.028656,600,18711.25535
11.531333,600,18723.841863
-26.220242,600,18736.448968
11.602822,600,18772.487883
14.78582,600,18785.842188
2.544381,600,18799.206503
6.910336,600,18824.436565
12.157811,600,18836.968592
14.686473,600,18860.383485
10.035955,600,18872.944552
29.431871,600,18898.955893
13.563538,600,18912.302867
14.786957,600,18925.661242
6.669105,600,18967.077608
12.838222,600,18980.440459
0.306808,600,18993.798689
11.789818,600,19007.168314
9.583613,600,19033.215135
10.430387,600,19046.587389
15.268323,600,19070.583378
10.375671,600,19096.223135
20.213715,600,19109.455824
11.714571,600,19122.93474
7.669735,600,19148.916816
15.481739,600,19172.343309
-221.990824,600,19185.586462
16.348855,600,19198.832821
12.380546,600,19225.393894
9.329963,600,19237.937341
14.436915,600,19261.164535
8.837431,600,19286.230376
12.747412,600,19298.531549
8.501433,600,19310.888247
14.505421,600,19323.305372
10.52854,600,19360.957012
15.886292,600,19374.254459
14.306274,600,19387.513616
-97.251553,600,19412.011419
10.986669,600,19424.329135
13.93795,600,19447.571871
10.872688,600,19472.191297
8.808989,600,19484.784306
13.790465,600,19497.373831
9.165464,600,19510.13182
16.098717,600,19534.945396
15.363469,600,19558.343859
24.710792,600,19570.900409
11.620149,600,19597.023777
10.936875,600,19609.642127
9.752033,600,19622.144208
6.076922,600,19645.646304
18.510236,600,19671.967835
10.284507,600,19685.329295
7.797624,600,19698.703583
9.12252,600,19726.381651
8.051377,600,19751.161975
12.592247,600,19763.710386
8.04452,600,19788.506799
0.641509,600,19801.058101
12.611717,600,19813.405692
10.684061,600,19837.272713
8.026368,600,19862.230058
10.620485,600,19874.903166
15.012341,600,19887.543638
11.032171,600,19911.43937
17.309264,600,19934.504305
4.900735,600,19947.003733
6.77691,600,19959.451226
13.377039,600,19984.019271
17.790732,600,19996.759805
1.848725,600,20009.335358
12.478373,600,20044.542157
9.455091,600,20056.872496
19.652232,600,20069.192809
22.192543,600,20081.626367
22.940575,600,20106.508216
19.94075,600,20129.929667
14.965187,600,20142.544657
15.80889,600,20166.638794
9.537814,600,20179.003303
1.666597,600,20191.356723
12.805197,600,20227.019791
14.489193,600,20239.622441
16.141036,600,20252.248337
7.472932,600,20264.85635
13.675754,600,20289.66339
14.585222,600,20313.222794
13.87034,600,20325.796262
24.930957,600,20350.475705
11.827629,600,20362.908669
13.384686,600,20375.424311
12.781083,600,20398.758378
12.224316,600,20424.382928
7.91184,600,20437.708656
15.880631,600,20450.923727
-119.834115,600,20477.797904
5.911178,600,20490.918824
7.454677,600,20515.876948
15.261213,600,20541.300503
3.103152,600,20554.390079
11.099694,600,20567.792854
5.393365,600,20580.259117
11.534997,600,20615.567621
15.935503,600,20628.818881
16.823943,600,20642.10427
15.166322,600,20671.065061
11.637853,600,20684.150108
10.724212,600,20708.453244
10.350787,600,20721.718474
5.035624,600,20747.827341
13.860329,600,20760.368056
19.454902,600,20772.91076
12.899178,600,20806.695215
8.605153,600,20819.067526
14.825717,600,20831.547847
6.763369,600,20858.21431
10.363028,600,20871.572245
19.91048,600,20884.95979
4.770723,600,20909.385756
13.658412,600,20934.199593
9.96615,600,20946.784075
14.339586,600,20959.325614
2.319812,600,20986.501947
16.434073,600,21010.151564
8.180424,600,21023.485035
2.291244,600,21036.84698
15.162228,600,21061.44401
10.682431,600,21074.180583
15.246648,600,21097.028009
14.569036,600,21122.858537
14.946742,600,21135.419201
6.369595,600,21147.840583
8.347002,600,21160.184306
16.628119,600,21195.45526
16.205414,600,21208.665637
16.061045,600,21221.271722
14.066583,600,21246.015654
12.264726,600,21258.510253
10.413757,600,21281.30509
16.156295,600,21305.232177
9.58486,600,21317.547316
15.528392,600,21330.012636
19.94609,600,21342.513761
11.916917,600,21367.262897
11.677166,600,21390.50825
12.810673,600,21402.863474
21.21557,600,21426.719563
14.362743,600,21439.227106
16.028887,600,21451.710966
-1240.012625,600,21475.620812
16.189274,600,21500.976785
10.618553,600,21513.408403
13.438033,600,21525.781328
10.964227,600,21549.360659
13.694317,600,21572.040068
7.343337,600,21584.497651
-18.251517,600,21608.893177
3.066231,600,21621.45308
12.297273,600,21634.020399
12.866615,600,21656.828523
18.175114,600,21681.268538
14.050324,600,21693.643909
15.657489,600,21706.074825
16.240047,600,21730.848477
12.083187,600,21753.539137
20.855848,600,21766.019981
9.181286,600,21778.496325
14.129886,600,21802.762245
0.186333,600,21815.257536
13.137972,600,21827.691021
-18.154447,600,21862.633793
10.640487,600,21875.123971
16.029991,600,21887.583682
7.207213,600,21900.060339
9.470411,600,21926.498145
9.792814,600,21950.088724
8.947695,600,21963.342509
9.892913,600,21988.00016
11.72957,600,22000.456177
15.03456,600,22012.935827
11.277592,600,22050.128134
11.407957,600,22063.393188
12.207725,600,22076.63805
13.795084,600,22089.894203
11.08022,600,22116.33358
15.264773,600,22139.39087
11.370672,600,22151.850218
10.191523,600,22176.20692
3.625006,600,22188.680023
13.812952,600,22201.115021
13.703567,600,22224.194153
14.643724,600,22248.637716
14.072286,600,22261.025588
11.507386,600,22273.42362
13.652645,600,22300.959047
12.119682,600,22313.99377
16.79092,600,22338.128434
11.950333,600,22365.923438
12.812475,600,22378.89444
13.451336,600,22391.533463
-1.772334,600,22404.178137
17.642778,600,22440.175405
18.810662,600,22452.630235
17.053318,600,22465.073568
2.787636,600,22490.799335
8.936499,600,22503.239948
9.921982,600,22525.813502
-21.236596,600,22538.269183
12.853465,600,22562.336562
14.496478,600,22574.104264
5.183858,600,22585.896538
11.172619,600,22616.975102
19.131193,600,22628.726476
18.707472,600,22640.468181
12.235093,600,22662.210809
3.13073,600,22673.974464
13.452632,600,22695.03456
13.625321,600,22706.799703
19.992163,600,22728.564979
-1.764692,600,22740.335272
-252.825582,600,22752.105624
9.961818,600,22773.907339
6.658182,600,22794.989163
15.653138,600,22806.730395
18.347245,600,22818.469668
14.350463,600,22840.206595
9.10229,600,22851.943273
14.336473,600,22873.038966
11.545825,600,22894.79578
12.147619,600,22906.571158
9.435497,600,22918.35675
13.507621,600,22930.144571
9.596741,600,22961.558016
10.309898,600,22974.001192
18.268102,600,22986.455133
14.575139,600,23010.175842
14.451958,600,23021.919259
-3.513742,600,23042.893078
8.140583,600,23064.530483
12.69068,600,23076.267736
12.624075,600,23088.007098
11.918205,600,23099.747479
11.848108,600,23121.391888
11.661499,600,23142.410984
3.796253,600,23154.142507
16.814276,600,23175.769943
16.645065,600,23187.49568
20.948962,600,23199.240176
17.667345,600,23220.279165
16.10268,600,23241.981703
10.109618,600,23253.733598
11.24555,600,23265.487222
22.511086,600,23287.166502
20.044867,600,23308.178567
2.834994,600,23319.92144
5.531076,600,23341.543916
11.861919,600,23353.284524
13.982837,600,23365.00812
10.681815,600,23386.039566
22.049354,600,23407.707206
11.799958,600,23419.471911
14.220418,600,23431.219316
13.666356,600,23452.845002
15.900903,600,23473.86895
11.431855,600,23485.60225
18.253808,600,23497.334091
8.447483,600,23519.008718
14.835238,600,23530.80091
-58.473709,600,23542.512084
9.69626,600,23573.436153
6.673729,600,23585.194093
3.018654,600,23596.945796
13.982415,600,23608.681989
14.912569,600,23630.31245
11.454821,600,23651.475706
13.310636,600,23663.213708
13.567972,600,23688.032322
18.663007,600,23700.466175
8.813855,600,23712.906347
9.483636,600,23748.700425
11.645997,600,23761.139402
11.065015,600,23773.599965
13.970653,600,23786.051759
18.921586,600,23811.762754
13.546661,600,23834.316645
15.219861,600,23846.773824
15.847763,600,23872.480661
-4.896408,600,23884.971093
12.597375,600,23897.467582
12.130908,600,23920.130218
9.907741,600,23941.867884
15.990221,600,23953.63384
9.467538,600,23965.400509
-6.367409,600,23987.04211
14.769266,600,23998.800022
11.415456,600,24019.808514
11.749003,600,24041.417081
15.24559,600,24053.32485
10.269961,600,24065.05382
10.099274,600,24076.778301
9.803569,600,24107.653787
14.886293,600,24119.403461
13.636864,600,24131.213864
14.073991,600,24152.880148
-15.648501,600,24164.617178
13.991582,600,24185.632375
16.720029,600,24197.355304
16.863053,600,24218.973029
4.885274,600,24230.84302
3.994797,600,24242.594544
11.953043,600,24273.532016
-7.598725,600,24285.272119
11.207344,600,24297.010028
14.682506,600,24318.648435
-13.449818,600,24330.386531
16.401139,600,24351.39525
12.624957,600,24363.119802
14.027293,600,24384.751498
16.633058,600,24396.488961
6.750951,600,24408.212133
15.598902,600,24429.856783
15.642075,600,24450.87468
10.653942,600,24462.615714
16.443215,600,24474.410121
12.473391,600,24496.139037
13.158335,600,24507.923691
13.213686,600,24529.00571
9.43226,600,24550.724765
12.593371,600,24562.478991
13.20199,600,24574.229645
16.932181,600,24585.990719
18.77367,600,24617.035975
19.602929,600,24628.823755
16.65097,600,24640.596206
20.95307,600,24662.359903
13.493249,600,24674.133036
14.883087,600,24695.247628
0.814359,600,24719.092832
14.401998,600,24731.532256
12.758821,600,24743.982986
13.402475,600,24756.422705
7.26296,600,24787.640801
15.948319,600,24799.407901
11.937983,600,24811.172021
14.439532,600,24832.913298
15.992489,600,24844.692869
14.578236,600,24856.477245
9.500062,600,24877.567739
11.32073,600,24899.276395
20.585344,600,24911.037094
13.999376,600,24922.795319
11.595192,600,24944.516035
-186.612736,600,24965.58894
10.512286,600,24977.356428
12.913909,600,24999.094309
20.660989,600,25010.866507
11.630261,600,25022.641478
15.796199,600,25043.746861
13.39761,600,25065.520835
18.652583,600,25077.306501
11.955484,600,25089.081044
8.248823,600,25113.933206
-1.581427,600,25136.491004
13.81732,600,25148.95291
-24.781323,600,25161.413988
16.420794,600,25187.159694
11.924874,600,25199.625698
11.575314,600,25212.098013
19.317974,600,25247.937409
-46.03441,600,25260.386207
13.595018,600,25272.834517
10.676767,600,25298.581667
12.892505,600,25311.030218
12.338614,600,25333.592634
16.769905,600,25346.061732
21.228926,600,25371.787557
9.028889,600,25384.234132
9.497122,600,25396.693483
20.079224,600,25429.907558
16.271096,600,25441.681134
11.757763,600,25453.450947
9.991392,600,25465.246437
17.330504,600,25486.875623
11.78093,600,25507.888792
12.11128,600,25519.646688
11.528446,600,25541.280825
14.09287,600,25553.038387
11.062916,600,25564.791106
10.675932,600,25585.824192
-37.745306,600,25607.420492
3.495343,600,25619.146769
14.89983,600,25630.875645
13.038809,600,25652.496386
4.864802,600,25664.265761
13.877238,600,25685.266353
12.519682,600,25706.886887
13.550735,600,25718.635058
25.262714,600,25730.388987
9.969115,600,25742.135839
7.056846,600,25773.04546
11.527653,600,25784.766749
-150.516866,600,25796.513927
14.716848,600,25818.124805
7.831993,600,25829.861123
-29.720798,600,25850.883651
8.706902,600,25862.624847
8.022643,600,25884.240551
13.117519,600,25895.997444
11.406723,600,25907.756804
23.065389,600,25938.671087
17.495225,600,25950.410392
14.114054,600,25962.141019
6.300721,600,25983.796056
14.44125,600,25995.530165
4.214426,600,26016.543815
10.636328,600,26028.295274
15.179559,600,26049.928923
8.47032,600,26061.678577
4.086896,600,26073.441164
17.140092,600,26095.133878
7.717822,600,26116.218593
4.590462,600,26127.979176
3.901904,600,26139.73415
7.75533,600,26162.99088
20.507646,600,26175.44116
17.722563,600,26198.010697
14.068923,600,26221.070472
12.492041,600,26232.842852
5.653798,600,26244.641327
17.097687,600,26256.421858
9.248743,600,26287.914181
15.71504,600,26300.365848
-0.000564,600,26312.815692
11.951094,600,26338.531445
10.884808,600,26350.979551
16.014453,600,26373.536932
14.296094,600,26399.272203
15.338931,600,26411.722548
-7.27014,600,26424.181854
14.622492,600,26436.637101
12.944182,600,26470.15861
15.418965,600,26481.910734
9.283043,600,26493.678105
11.585403,600,26516.400034
6.57474,600,26528.840553
10.943576,600,26541.283117
4.019438,600,26563.820724
22.635362,600,26589.527753
-69.534589,600,26602.002724
11.854757,600,26614.467725
12.678065,600,26640.202757
13.726418,600,26662.756078
-23.728166,600,26675.192274
15.13145,600,26700.904126
-1.642639,600,26713.328368
1.563695,600,26725.771607
16.992188,600,26748.311428
15.533906,600,26774.017539
18.048184,600,26786.478719
8.582414,600,26798.935923
14.476869,600,26821.435513
23.47076,600,26842.532411
14.42524,600,26854.284876
10.312881,600,26866.048758
9.250162,600,26887.76312
19.515388,600,26899.519308
19.726721,600,26920.618382
16.279443,600,26942.372872
-144.660415,600,26954.134985
-8.473886,600,26965.915392
22.286872,600,26987.652113
-7.893116,600,26999.413779
18.190598,600,27020.498912
8.00066,600,27032.24039
12.615037,600,27053.989582
21.818853,600,27065.76406
13.171696,600,27077.542695
14.311525,600,27108.612107
15.911094,600,27120.388751
-37.074485,600,27132.167556
12.493355,600,27143.957984
14.445627,600,27165.736891
-30.949809,600,27186.843895
9.162889,600,27198.618922
10.024843,600,27220.382487
10.181329,600,27232.14239
6.604155,600,27243.904451
12.544112,600,27265.001106
16.895724,600,27286.753411
13.185611,600,27298.527742
9.535083,600,27310.331048
1.738274,600,27332.117608
9.715964,600,27343.895138
10.926532,600,27364.982906
11.147669,600,27386.727899
17.710089,600,27398.474005
11.38606,600,27410.552646
6.742465,600,27422.318791
15.214919,600,27453.574319
11.107919,600,27465.357675
8.165007,600,27477.148003
20.241821,600,27498.922429
13.929887,600,27510.709604
9.993674,600,27531.80612
2.357042,600,27543.569855
8.611935,600,27565.286488
7.536005,600,27577.052033
15.281002,600,27588.815989
14.433228,600,27619.865806
17.449827,600,27631.64178
8.920428,600,27643.417043
12.384222,600,27665.170772
13.95796,600,27676.941864
17.678129,600,27698.744504
14.293666,600,27711.163949
-0.294299,600,27734.952636
10.29893,600,27746.73626
7.346018,600,27758.498118
9.044587,600,27780.23197
13.312062,600,27801.363461
8.66629,600,27813.273379
10.839349,600,27825.064895
10.667333,600,27850.021484
18.070308,600,27862.494603
13.475464,600,27885.054825
12.362713,600,27910.769661
15.756128,600,27923.223613
10.496911,600,27935.684455
7.665712,600,27948.143697
-8.884933,600,27979.59165
8.022629,600,27991.365924
12.930418,600,28003.343121
11.193642,600,28025.113442
-13.368176,600,28036.878312
19.575359,600,28057.973336
10.363583,600,28079.687887
26.285507,600,28091.445162
10.153651,600,28103.210464
13.871592,600,28114.973396
8.779451,600,28146.015592
10.748237,600,28157.804732
8.395657,600,28169.598408
-83.821955,600,28191.360691
17.98695,600,28203.12496
10.767375,600,28214.903198
9.657529,600,28235.972851
10.580904,600,28257.686489
9.991119,600,28269.447516
4.212993,600,28281.214669
17.474403,600,28302.945316
4.926133,600,28324.027846
-2.182806,600,28335.80768
18.786595,600,28357.489494
19.169501,600,28369.243207
14.092685,600,28380.995309
10.496776,600,28402.005893
12.909248,600,28423.61209
-0.406221,600,28435.373514
-11.257465,600,28447.104912
17.9881,600,28468.703441
10.727665,600,28489.683644
1.534123,600,28501.435993
12.170105,600,28513.187737
7.085928,600,28537.338084
-1.312041,600,28549.805219
13.934689,600,28572.364501
-9.203782,600,28594.802235
11.431254,600,28606.538201
19.85755,600,28618.268173
16.316262,600,28639.880032
10.517247,600,28651.614199
7.466492,600,28672.608401
16.114608,600,28684.357928
6.140982,600,28706.004428
15.63778,600,28717.763912
12.018487,600,28729.529097
18.082912,600,28760.412522
17.530944,600,28772.164457
12.22706,600,28783.914386
-12.217195,600,28795.668897
6.249127,600,28817.283699
0.459264,600,28838.276945
10.517265,600,28850.025195
13.455792,600,28871.640876
8.473255,600,28883.385034
10.716148,600,28895.123895
6.973054,600,28916.11465
-0.321648,600,28937.720419
-7.429801,600,28949.45749
18.457242,600,28961.200921
15.263739,600,28982.810576
-7.964605,600,29003.813906
14.213709,600,29015.574391
14.274778,600,29037.223882
10.031185,600,29048.96948
-481.826462,600,29060.71474
19.845319,600,29072.445973
11.728632,600,29103.312362
17.966091,600,29115.05584
6.572395,600,29126.797312
7.4645,600,29148.409939
18.647253,600,29160.133668
14.991914,600,29181.112811
16.932362,600,29192.847013
-4.694234,600,29214.461134
17.511227,600,29226.191031
6.363965,600,29237.939414
8.784429,600,29268.815417
17.63777,600,29280.546758
12.73143,600,29292.291298
12.476148,600,29313.989446
-42.363964,600,29325.767207
12.522824,600,29347.018556
11.327588,600,29359.468104
14.029681,600,29381.550373
8.924809,600,29393.332061
14.778301,600,29405.090294
14.926386,600,29426.84676
15.317848,600,29448.629303
7.975669,600,29461.077187
15.016704,600,29473.531581
12.081114,600,29499.221504
5.537207,600,29511.677396
8.082039,600,29534.213193
10.504339,600,29559.944147
12.855659,600,29572.402369
2.997063,600,29584.857687
24.155189,600,29607.789382
2.407067,600,29629.28361
9.833053,600,29641.725824
16.258111,600,29654.170222
14.770311,600,29679.870874
19.53294,600,29692.305458
-32.233708,600,29714.839084
8.362553,600,29738.920468
7.257767,600,29750.639104
19.45635,600,29762.376821
12.899822,600,29774.090841
11.423427,600,29804.947646
13.110085,600,29816.697854
-57.072034,600,29828.428924
4.715962,600,29850.042444
7.436529,600,29861.770477
13.241046,600,29873.492241
11.164465,600,29894.471377
15.02266,600,29916.069837
17.979221,600,29927.805091
22.005687,600,29939.516335
11.369852,600,29961.126807
15.3821,600,29982.094962
17.782475,600,29993.808051
11.559206,600,30015.387784
21.463778,600,30027.114159
17.485715,600,30038.841033
13.687417,600,30059.826255
-0.627598,600,30081.418173
16.299079,600,30093.156515
6.066795,600,30104.896454
18.31877,600,30126.495761
7.444362,600,30147.476768
13.922977,600,30159.205236
12.691754,600,30170.929735
18.434399,600,30192.549057
10.767777,600,30204.298188
14.278528,600,30225.277323
-12.725345,600,30246.891933
19.268397,600,30258.628946
9.755266,600,30270.367509
9.160138,600,30291.966831
8.046481,600,30303.714111
7.7149,600,30324.718675
14.206582,600,30336.449296
9.275238,600,30358.041993
5.817027,600,30369.767679
11.36417,600,30381.488157
14.682338,600,30412.34135
17.218367,600,30424.073808
3.008822,600,30435.813664
10.003616,600,30447.550386
12.977694,600,30469.149977
11.711321,600,30490.139066
5.51507,600,30501.875296
-21.025301,600,30523.513199
10.289208,600,30535.260832
9.622522,600,30546.983103
15.082025,600,30567.949754
10.890864,600,30589.57265
13.873354,600,30601.308344
-100.242701,600,30613.051028
7.364775,600,30634.676702
10.920593,600,30655.70969
14.695921,600,30667.426467
16.287072,600,30689.021353
12.010326,600,30700.745072
10.353177,600,30712.47333
19.008511,600,30724.202379
8.218678,600,30755.079853
22.973407,600,30766.828176
18.871238,600,30778.572504
21.791073,600,30800.20535
10.468426,600,30811.950248
11.293548,600,30832.937238
8.663051,600,30844.670939
8.356565,600,30866.27079
16.372191,600,30878.013233
4.404983,600,30889.754358
13.073241,600,30920.61948
18.176765,600,30932.369366
15.638754,600,30944.11548
11.089453,600,30965.735792
17.130491,600,30977.488574
11.928311,600,30998.497867
11.861259,600,31010.223154
14.389607,600,31031.811358
12.091186,600,31043.536548
11.661047,600,31055.264899
8.842031,600,31086.124675
12.691838,600,31097.87609
22.3312,600,31109.621848
13.148621,600,31121.371412
12.370737,600,31143.000871
16.48051,600,31154.730482
8.434525,600,31175.71687
-13.988639,600,31197.3369
15.983421,600,31209.057487
21.411911,600,31220.817228
10.783317,600,31242.467304
15.937175,600,31263.451351
15.056482,600,31275.199783
12.03837,600,31286.943676
15.428411,600,31308.582089
17.46622,600,31320.344582
21.887028,600,31341.359853
5.522293,600,31363.050464
13.024516,600,31374.777253
13.795898,600,31386.52214
15.853784,600,31398.246393
15.877299,600,31429.119947
13.815903,600,31440.857934
-189.987315,600,31452.599566
22.369961,600,31474.208913
21.069569,600,31485.945593
15.925204,600,31497.696054
13.141328,600,31518.687171
16.156482,600,31540.2954
15.370931,600,31552.044179
26.761627,600,31563.790783
15.144111,600,31585.396453
16.314466,600,31606.789643
9.023206,600,31618.537884
19.70871,600,31640.156979
15.447347,600,31651.920047
15.47911,600,31663.680382
-55.516945,600,31684.684963
19.381228,600,31706.332847
14.556336,600,31718.170135
20.399369,600,31729.89951
15.875592,600,31751.519391
-39.592291,600,31772.527297
16.728331,600,31784.269155
-6.551298,600,31796.01686
11.308489,600,31817.636899
12.39554,600,31829.385119
14.202868,600,31850.399648
14.562491,600,31872.013154
19.962477,600,31883.762437
14.989796,600,31895.522769
13.060104,600,31917.358931
9.607654,600,31929.087912
11.624568,600,31950.104695
4.330249,600,31961.857583
15.018943,600,31983.500941
9.328388,600,31995.267872
3.146921,600,32007.029099
-0.665881,600,32037.937082
11.292889,600,32049.670582
6.756909,600,32061.414129
20.293987,600,32073.151119
14.474691,600,32094.76514
19.384314,600,32115.777351
18.265862,600,32127.535305
-1.375745,600,32149.182185
14.71465,600,32160.93198
16.321164,600,32172.692328
4.33619,600,32193.725232
-63.754281,600,32215.368235
11.540168,600,32227.10359
14.466582,600,32238.855981
-20.277852,600,32260.472622
2.79319,600,32281.46388
19.37462,600,32293.2089
17.568422,600,32314.850687
11.643575,600,32326.612474
11.734528,600,32338.383427
9.107502,600,32350.138052
15.855017,600,32381.053949
15.957885,600,32392.788642
-42.034986,600,32404.534943
14.208581,600,32426.184192
7.747032,600,32437.925783
9.935761,600,32458.95269
7.944987,600,32470.705398
28.724782,600,32492.341297
11.793675,600,32504.106183
12.439319,600,32515.869415
8.975997,600,32546.786157
14.378985,600,32558.530392
6.739052,600,32570.270982
16.643533,600,32591.914027
12.544204,600,32603.645388
9.19614,600,32624.660107
15.413373,600,32636.412953
7.157339,600,32658.065222
14.927115,600,32669.821147
11.317086,600,32681.583606
12.655804,600,32712.508086
12.09007,600,32724.236206
6.477915,600,32735.972474
-0.735087,600,32747.70521
10.169649,600,32769.319155
18.890995,600,32781.059739
10.240822,600,32802.065362
-0.058855,600,32823.713495
30.28768,600,32835.468896
20.664702,600,32847.221483
15.910135,600,32868.861748
12.313101,600,32889.885922
18.816844,600,32901.63192
-2.256929,600,32913.394192
5.427538,600,32935.00113
15.336659,600,32946.723321
11.399812,600,32967.741234
10.044575,600,32989.417637
-1.501315,600,33001.199213
2.259504,600,33012.991227
15.392205,600,33024.772767
16.407283,600,33055.837199
19.340488,600,33067.589838
10.998864,600,33079.340734
8.092521,600,33101.053356
11.638171,600,33112.811043
9.863036,600,33133.870112
24.976629,600,33145.654875
14.729063,600,33167.393165
13.722909,600,33179.178998
15.881899,600,33190.960324
5.510675,600,33212.71033
8.796365,600,33233.798149
15.935446,600,33245.567018
15.766786,600,33267.290323
2.694242,600,33279.046313
14.963566,600,33290.803319
7.732709,600,33311.864786
12.917288,600,33333.621424
10.831357,600,33345.410882
8.540763,600,33357.185242
13.193587,600,33378.940346
13.375302,600,33400.018703
16.579182,600,33411.769257
13.804936,600,33423.5178
0.281769,600,33445.594494
14.922638,600,33457.59673
10.509137,600,33479.080145
17.352963,600,33504.851547
-56.568777,600,33517.75599
14.778709,600,33530.676523
7.610389,600,33557.869104
7.466278,600,33570.795948
10.2651,600,33594.272944
4.185769,600,33607.200733
12.592494,600,33632.044977
8.469507,600,33644.917778
15.62664,600,33657.805771
0.063047,600,33691.974924
17.670567,600,33704.174358
20.154383,600,33716.364381
7.24023,600,33728.535268
1.860064,600,33751.592445
-11.716961,600,33773.492617
-0.900062,600,33785.705387
19.760557,600,33808.552708
15.569684,600,33820.746238
10.781805,600,33832.940495
8.927675,600,33865.582521
14.041629,600,33877.779499
6.951532,600,33889.996099
18.438184,600,33902.213229
0.217225,600,33928.092648
-7.209811,600,33950.137352
-4.592025,600,33963.055824
-0.209141,600,33987.146001
14.000789,600,33999.261585
16.367346,600,34011.411445
-69.249352,600,34023.562088
10.490476,600,34056.087762
14.363682,600,34068.280065
14.955298,600,34080.496716
14.703365,600,34103.443193
-45.525105,600,34115.644683
13.509126,600,34138.165945
9.711951,600,34151.081905
10.685794,600,34176.097222
11.049978,600,34188.282617
15.124486,600,34200.470172
11.675945,600,34233.124165
19.136193,600,34245.250501
8.945865,600,34257.39382
2.560691,600,34280.471033
14.491514,600,34292.726073
18.86702,600,34314.859008
10.478966,600,34327.092227
-0.347409,600,34350.160745
11.379891,600,34362.281852
14.462615,600,34374.383674
16.61264,600,34409.58345
10.927209,600,34422.575382
15.046958,600,34435.560894
10.052185,600,34448.562577
10.375733,600,34476.053329
20.452455,600,34488.90231
15.484437,600,34512.055319
11.409134,600,34535.470653
9.220139,600,34547.649436
17.775241,600,34559.820436
4.86698,600,34582.560229
8.07202,600,34604.805072
17.345987,600,34617.639982
9.406176,600,34630.55817
9.796373,600,34657.694677
14.950612,600,34669.921649
15.258268,600,34692.017888
3.944427,600,34714.712305
12.684111,600,34726.805783
10.626669,600,34738.888858
9.612355,600,34751.074506
13.399305,600,34784.04362
17.725848,600,34796.300268
10.071274,600,34808.541179
-3.24427,600,34831.279438
11.119172,600,34843.385498
13.045293,600,34865.321482
-7.450331,600,34877.538433
11.797617,600,34900.69007
16.242798,600,34912.905516
17.240476,600,34925.092869
5.223849,600,34947.771115
8.041388,600,34970.027486
19.084988,600,34983.005761
3.555281,600,35010.608855
18.212347,600,35023.594458
15.767624,600,35036.572386
17.57616,600,35059.691475
3.152966,600,35086.481256
13.042566,600,35099.426179
13.830103,600,35112.359308
9.176048,600,35139.921099
15.39008,600,35162.698258
-19.193285,600,35174.800729
15.88982,600,35186.892211
14.940148,600,35209.217585
8.272812,600,35221.438225
-26.869386,600,35243.487425
5.598284,600,35266.543648
9.477694,600,35278.6385
11.258099,600,35290.719211
15.707414,600,35313.701481
18.111645,600,35335.743119
18.613867,600,35347.964973
10.78176,600,35360.192132
13.992122,600,35383.340714
20.681841,600,35395.463177
-1.445222,600,35407.608189
18.188524,600,35442.415896
10.93658,600,35455.359561
14.326435,600,35468.321396
17.317885,600,35481.25667
9.900636,600,35506.109508
17.73656,600,35527.801332
14.638689,600,35539.905146
-59.706124,600,35562.462741
9.635194,600,35574.681006
10.080723,600,35586.896951
11.928073,600,35619.880815
11.047984,600,35632.112914
5.231302,600,35644.22451
15.271239,600,35656.326753
11.868285,600,35679.079711
16.601208,600,35701.324538
10.481391,600,35714.282653
16.555276,600,35741.451886
8.967176,600,35754.272128
10.245492,600,35767.107939
14.056835,600,35779.951452
5.254551,600,35818.149257
-20.087348,600,35831.463255
8.222274,600,35844.383249
16.125409,600,35869.642568
13.55139,600,35881.745003
11.725202,600,35903.63554
-12.886644,600,35915.858989
15.843731,600,35938.902658
12.53846,600,35951.020154
10.403646,600,35963.154646
12.102018,600,35995.087199
8.038003,600,36007.21225
13.274079,600,36019.340932
9.94992,600,36041.857971
7.802959,600,36053.976149
16.781491,600,36075.56888
17.100142,600,36087.554353
14.24757,600,36110.057031
9.469752,600,36122.287051
18.473828,600,36134.511322
6.980605,600,36167.148663
9.263505,600,36179.303251
20.080011,600,36191.484977
8.26074,600,36203.641869
8.905687,600,36226.645557
16.336539,600,36238.839815
2.500745,600,36261.470062
13.225441,600,36287.641077
11.01706,600,36299.837039
17.023137,600,36312.019246
10.134004,600,36334.917179
8.779105,600,36356.699355
1.086075,600,36368.878979
7.725994,600,36381.037816
12.638399,600,36403.864479
15.936859,600,36416.05112
9.684744,600,36437.920513
12.405325,600,36460.729504
14.178879,600,36472.911261
15.180344,600,36485.109149
-3.295796,600,36497.291688
15.893801,600,36529.897776
14.126134,600,36542.044332
14.89716,600,36554.219309
10.167547,600,36577.031374
12.378473,600,36589.214416
4.429397,600,36611.081924
15.279937,600,36623.266729
10.546693,600,36646.098561
16.536549,600,36658.276988
18.216349,600,36670.453223
11.748066,600,36694.77121
11.881161,600,36718.298496
13.48263,600,36731.196665
17.034963,600,36756.71655
10.77356,600,36768.88133
11.135971,600,36781.083726
18.579946,600,36803.00779
4.09895,600,36825.732048
12.443625,600,36837.926496
11.003351,600,36850.083018
12.283051,600,36872.471515
20.21421,600,36894.274015
17.664474,600,36906.461819
11.146118,600,36918.663704
12.1641,600,36941.663604
18.663729,600,36953.872212
8.537335,600,36975.413964
12.119272,600,36997.700065
16.912669,600,37009.828223
19.41767,600,37022.033159
14.442179,600,37045.044253
11.208503,600,37067.081627
10.555189,600,37079.268202
16.521455,600,37091.282372
3.519997,600,37113.715454
12.081935,600,37125.800844
13.104769,600,37137.970557
15.578073,600,37170.727817
15.850323,600,37182.940292
11.241967,600,37195.033034
11.704132,600,37207.144027
14.790834,600,37229.552377
19.754945,600,37251.55467
13.87207,600,37263.762662
